Workbook

Sheet Fee Collection Tracker
C2: ST. FRANCIS OF ASSISI PRIVATE SCHOOL
C3: For God And Country
C4: TERMLY FEE COLLECTION TRACKER - 2026
C5: Enter actual amounts collected in the yellow cells. Everything else calculates automatically.
A8: TERM 1 - 2026
A9: Section | B9: Pupils | C9: Fee per Pupil (ZMW) | D9: Expected (ZMW) | E9: Actual Collected (ZMW) | F9: Shortfall (ZMW) | G9: % Collected | H9: % Loss
A10: ECE (Pre-School) | B10: =Population!D7 -> 100 | C10: 1900 | D10: =B10*C10 -> 190000 | F10: =IF(E10="","",D10-E10) | G10: =IF(E10="","",E10/D10) | H10: =IF(E10="","",1-E10/D10)
A11: Primary | B11: =Population!D15 -> 220 | C11: 2250 | D11: =B11*C11 -> 495000 | F11: =IF(E11="","",D11-E11) | G11: =IF(E11="","",E11/D11) | H11: =IF(E11="","",1-E11/D11)
A12: Secondary | B12: =Population!D24 -> 163 | C12: 3000 | D12: =B12*C12 -> 489000 | F12: =IF(E12="","",D12-E12) | G12: =IF(E12="","",E12/D12) | H12: =IF(E12="","",1-E12/D12)
A13: TOTAL | B13: =SUM(B10:B12) -> 483 | D13: =SUM(D10:D12) -> 1174000 | E13: =SUM(E10:E12) -> 0 | F13: =D13-E13 -> 1174000 | G13: =IF(E13=0,"",E13/D13) | H13: =IF(E13=0,"",1-E13/D13)
A15: TERM 2 - 2026
A16: Section | B16: Pupils | C16: Fee per Pupil (ZMW) | D16: Expected (ZMW) | E16: Actual Collected (ZMW) | F16: Shortfall (ZMW) | G16: % Collected | H16: % Loss
A17: ECE (Pre-School) | B17: =Population!D7 -> 100 | C17: 1900 | D17: =B17*C17 -> 190000 | F17: =IF(E17="","",D17-E17) | G17: =IF(E17="","",E17/D17) | H17: =IF(E17="","",1-E17/D17)
A18: Primary | B18: =Population!D15 -> 220 | C18: 2250 | D18: =B18*C18 -> 495000 | F18: =IF(E18="","",D18-E18) | G18: =IF(E18="","",E18/D18) | H18: =IF(E18="","",1-E18/D18)
A19: Secondary | B19: =Population!D24 -> 163 | C19: 3000 | D19: =B19*C19 -> 489000 | F19: =IF(E19="","",D19-E19) | G19: =IF(E19="","",E19/D19) | H19: =IF(E19="","",1-E19/D19)
A20: TOTAL | B20: =SUM(B17:B19) -> 483 | D20: =SUM(D17:D19) -> 1174000 | E20: =SUM(E17:E19) -> 0 | F20: =D20-E20 -> 1174000 | G20: =IF(E20=0,"",E20/D20) | H20: =IF(E20=0,"",1-E20/D20)
A22: TERM 3 - 2026
A23: Section | B23: Pupils | C23: Fee per Pupil (ZMW) | D23: Expected (ZMW) | E23: Actual Collected (ZMW) | F23: Shortfall (ZMW) | G23: % Collected | H23: % Loss
A24: ECE (Pre-School) | B24: =Population!D7 -> 100 | C24: 1900 | D24: =B24*C24 -> 190000 | F24: =IF(E24="","",D24-E24) | G24: =IF(E24="","",E24/D24) | H24: =IF(E24="","",1-E24/D24)
A25: Primary | B25: =Population!D15 -> 220 | C25: 2250 | D25: =B25*C25 -> 495000 | F25: =IF(E25="","",D25-E25) | G25: =IF(E25="","",E25/D25) | H25: =IF(E25="","",1-E25/D25)
A26: Secondary | B26: =Population!D24 -> 163 | C26: 3000 | D26: =B26*C26 -> 489000 | F26: =IF(E26="","",D26-E26) | G26: =IF(E26="","",E26/D26) | H26: =IF(E26="","",1-E26/D26)
A27: TOTAL | B27: =SUM(B24:B26) -> 483 | D27: =SUM(D24:D26) -> 1174000 | E27: =SUM(E24:E26) -> 0 | F27: =D27-E27 -> 1174000 | G27: =IF(E27=0,"",E27/D27) | H27: =IF(E27=0,"",1-E27/D27)
A29: ANNUAL SUMMARY - ALL THREE TERMS
D30: Expected (ZMW) | E30: Actual (ZMW) | F30: Shortfall (ZMW) | G30: % Collected | H30: % Loss
A31: TERM 1 | D31: =D13 -> 1174000 | E31: =E13 -> 0 | F31: =D31-E31 -> 1174000 | G31: =IF(E31=0,"",E31/D31) | H31: =IF(E31=0,"",1-E31/D31)
A32: TERM 2 | D32: =D20 -> 1174000 | E32: =E20 -> 0 | F32: =D32-E32 -> 1174000 | G32: =IF(E32=0,"",E32/D32) | H32: =IF(E32=0,"",1-E32/D32)
A33: TERM 3 | D33: =D27 -> 1174000 | E33: =E27 -> 0 | F33: =D33-E33 -> 1174000 | G33: =IF(E33=0,"",E33/D33) | H33: =IF(E33=0,"",1-E33/D33)
A34: YEAR TOTAL | D34: =SUM(D31:D33) -> 3522000 | E34: =SUM(E31:E33) -> 0 | F34: =SUM(F31:F33) -> 3522000 | G34: =IF(E34=0,"",E34/D34) | H34: =IF(E34=0,"",1-E34/D34)
A36: CAN COLLECTIONS COVER SALARIES? (main expense check)
B37: Salary Bill (ZMW) | D37: Expected Fees (ZMW) | E37: Actual Fees (ZMW) | F37: Surplus after Salaries (ZMW) | G37: Salaries as % of Expected | H37: Salaries as % of Actual
A38: TERM 1 | B38: 493000 | C38: Jan-Apr actual from financial report | D38: =D13 -> 1174000 | E38: =E13 -> 0 | F38: =IF(B38="","",E38-B38) -> -493000 | G38: =IF(B38="","",B38/D38) -> 0.41993186 | H38: =IF(OR(B38="",E38=0),"",B38/E38)
A39: TERM 2 | B39: 389175 | C39: May-Jul from report - add August when paid | D39: =D20 -> 1174000 | E39: =E20 -> 0 | F39: =IF(B39="","",E39-B39) -> -389175 | G39: =IF(B39="","",B39/D39) -> 0.33149489 | H39: =IF(OR(B39="",E39=0),"",B39/E39)
A40: TERM 3 | C40: Enter when known | D40: =D27 -> 1174000 | E40: =E27 -> 0 | F40: =IF(B40="","",E40-B40) | G40: =IF(B40="","",B40/D40) | H40: =IF(OR(B40="",E40=0),"",B40/E40)

Sheet Population
A1: SCHOOL POPULATION BY CLASS - 2026
A3: Section | B3: Class | C3: Class Teacher | D3: Enrolment
A4: ECE | B4: Baby Class - A | C4: Monica Mpoya | D4: 31
A5: ECE | B5: Middle Class - A | C5: Memory Chomba | D5: 39
A6: ECE | B6: Reception - A | C6: Mwilu Dorcas | D6: 30
B7: ECE TOTAL | D7: =SUM(D4:D6) -> 100
A8: Primary | B8: Grade 1 - A | C8: Musa Doris | D8: 27
A9: Primary | B9: Grade 2 - A | C9: Mwaba Tisatenji | D9: 31
A10: Primary | B10: Grade 3 - A | C10: Gift Zunda | D10: 25
A11: Primary | B11: Grade 4 - A | C11: Musakanya Mutale | D11: 34
A12: Primary | B12: Grade 5 - A | C12: Agness Mukupa | D12: 26
A13: Primary | B13: Grade 6 - A | C13: Sinyangwe Euell | D13: 35
A14: Primary | B14: Grade 7 - A | C14: Zimba Geofrey | D14: 42
B15: PRIMARY TOTAL | D15: =SUM(D8:D14) -> 220
A16: Secondary | B16: Form 1 - A | C16: Robert Sikazwe | D16: 16
A17: Secondary | B17: Form 1 - B | C17: Denny Nkombalume | D17: 19
A18: Secondary | B18: Form 2 - Achievers | C18: Miss Mukoma | D18: 22
A19: Secondary | B19: Form 2 - Success | C19: Nancy Ponga | D19: 17
A20: Secondary | B20: Grade 10 - A | C20: Phiri Doreen | D20: 29
A21: Secondary | B21: Grade 11 - Camillia | C21: Mutelo Julius | D21: 25
A22: Secondary | B22: Grade 11 - Violet | C22: Lubinda Godwin | D22: 17
A23: Secondary | B23: Grade 12 - Ivy | C23: Memory Chimba | D23: 18
B24: SECONDARY TOTAL | D24: =SUM(D16:D23) -> 163
B25: SCHOOL TOTAL | D25: =D7+D15+D24 -> 483
